{
	"id":"arbitrary.id",
	"subject":{
		"id":"1",
		"sex":"MALE"
	},
	"phenotypicFeatures":[
		{
			"type":{
				"id":"HP:0001250",
				"label":"Seizure"
			},
			"onset":{
				"timestamp":"2022-08-03T00:00:00Z"
			}
		},
		{
			"type":{
				"id":"HP:0002342",
				"label":"Intellectual disability, moderate"
			},
			"onset":{
				"timestamp":"2022-08-03T00:00:00Z"
			}
		},
		{
			"type":{
				"id":"HP:0030084",
				"label":"Clinodactyly"
			},
			"onset":{
				"timestamp":"2022-08-03T00:00:00Z"
			}
		}
	],
	"metaData":{
		"created":"2023-11-03T11:15:03Z",
		"createdBy":"a.dingemans@radboudumc.nl",
		"resources":[
			{
				"id":"hp",
				"name":"human phenotype ontology",
				"url":"http://purl.obolibrary.org/obo/hp.obo",
				"version":"placeholder",
				"namespacePrefix":"HP",
				"iriPrefix":"http://purl.obolibrary.org/obo/HP_"
			}
		],
		"phenopacketSchemaVersion":"2.0"
	}
}
